{
  "mse": 0.32462257146835327,
  "mae": 0.4737105369567871,
  "rmse": 0.5697565674781799,
  "correlation": 0.07816311281985323,
  "mse_per_step": [
    0.3060227036476135,
    0.3073749244213104,
    0.30803701281547546,
    0.3094238340854645,
    0.3103845417499542,
    0.3103058636188507,
    0.3113514482975006,
    0.3118854761123657,
    0.3136366009712219,
    0.31447628140449524,
    0.31515368819236755,
    0.31620386242866516,
    0.3163536489009857,
    0.317012757062912,
    0.3163532018661499,
    0.31753063201904297,
    0.31862929463386536,
    0.3198133707046509,
    0.3212069869041443,
    0.322602242231369,
    0.3230729401111603,
    0.3242366313934326,
    0.3255991041660309,
    0.3273995816707611,
    0.32728302478790283,
    0.3283681273460388,
    0.3299354612827301,
    0.3302951157093048,
    0.329924076795578,
    0.33121177554130554,
    0.33142954111099243,
    0.3320985734462738,
    0.3323667049407959,
    0.3332313895225525,
    0.33299896121025085,
    0.33435702323913574,
    0.3344961404800415,
    0.3336544334888458,
    0.334941029548645,
    0.334763765335083,
    0.33503517508506775,
    0.33501359820365906,
    0.33551421761512756,
    0.33439502120018005,
    0.3341350555419922,
    0.33322998881340027,
    0.3328670859336853,
    0.3331463038921356,
    0.3315519392490387,
    0.3308182954788208
  ],
  "mae_per_step": [
    0.4574151933193207,
    0.45887285470962524,
    0.4594458043575287,
    0.4611265957355499,
    0.462350070476532,
    0.4622099697589874,
    0.4630776047706604,
    0.4631800055503845,
    0.46461811661720276,
    0.46565666794776917,
    0.4668979346752167,
    0.4675907492637634,
    0.467301607131958,
    0.46762964129447937,
    0.46675992012023926,
    0.4680190980434418,
    0.4693058729171753,
    0.47022607922554016,
    0.4720485806465149,
    0.472638338804245,
    0.4728253185749054,
    0.4739968776702881,
    0.4754224717617035,
    0.4770556688308716,
    0.4763599634170532,
    0.477171391248703,
    0.47840753197669983,
    0.47881925106048584,
    0.47813859581947327,
    0.47949281334877014,
    0.47920921444892883,
    0.47977492213249207,
    0.4802374243736267,
    0.4808792173862457,
    0.48076555132865906,
    0.4805406332015991,
    0.4809415638446808,
    0.4804535508155823,
    0.4808238744735718,
    0.48055434226989746,
    0.48093485832214355,
    0.4821006655693054,
    0.4818873107433319,
    0.48194634914398193,
    0.4816802442073822,
    0.4811977744102478,
    0.48029425740242004,
    0.4798872172832489,
    0.47907406091690063,
    0.4782833755016327
  ]
}