{
  "loss": [
    42.025726318359375,
    0.2810863256454468,
    0.2924150228500366,
    0.2788648009300232,
    0.2718336880207062
  ],
  "mae": [
    4.060520648956299,
    0.4186004102230072,
    0.4201711416244507,
    0.41696539521217346,
    0.4115303158760071
  ],
  "rmse": [
    6.481665134429932,
    0.5155008435249329,
    0.5263774991035461,
    0.5133579969406128,
    0.5064634680747986
  ],
  "val_loss": [
    0.1892545521259308,
    0.175188809633255,
    0.2014244794845581,
    0.19359831511974335,
    0.182671919465065
  ],
  "val_mae": [
    0.34878477454185486,
    0.3342163860797882,
    0.3605210781097412,
    0.3530597388744354,
    0.34175390005111694
  ],
  "val_rmse": [
    0.4170249104499817,
    0.399772971868515,
    0.431420236825943,
    0.4222470223903656,
    0.4090692400932312
  ],
  "learning_rate": [
    0.0010000000474974513,
    0.0010000000474974513,
    0.0010000000474974513,
    0.0010000000474974513,
    0.0010000000474974513
  ]
}